source;target;type;match_type
/tauromachie/9-histoire-d-une-corrida-triomphale.html;/livre/histoire-dune-corrida-triomphale;301;exact
/tauromachie/10-une-corrida-pour-l-histoire.html;/livre/une-corrida-pour-lhistoire;301;exact
/romans/13-de-jérôme-à-lidoire.html;/livre/de-jerome-a-lidoire;301;exact
/romans/14-l-irréversible-apprentissage-de-pénélope.html;/livre/lirreversible-apprentissage-de-penelope;301;exact
/romans/15-la-sainte-raingarde.html;/livre/la-sainte-raingarde;301;exact
/romans/16-et-au-bout-l-océan.html;/livre/et-au-bout-locean;301;exact
/romans/17-chasses-furtives.html;/livre/chasses-furtives;301;exact
/romans/18-demain-ne-suffit-pas.html;/livre/demain-ne-suffit-pas;301;exact
/romans/19-l-enfant-roman.html;/livre/lenfant-roman;301;exact
/romans/20-la-carapace-de-la-tortue.html;/livre/la-carapace-de-la-tortue;301;exact
/romans/21-effacement.html;/livre/leffacement;301;exact
/romans/22-spleen-machine.html;/livre/spleen-machine;301;exact
/romans/23-la-vie-plus-un-chat.html;/livre/la-vie-plus-un-chat;301;exact
/romans/24-inventer-le-jour.html;/livre/inventer-le-jour;301;exact
/romans/25-le-libre-choix-de-clara-weiss.html;/livre/le-libre-choix-de-clara-weiss;301;exact
/tauromachie/26-gueules-de-toreros.html;/livre/gueules-de-toreros;301;exact
/tauromachie/27-nicolas-vergonzeanne-toujours-plus-haut.html;/livre/nicolas-vergonzeanne-toujours-plus-haut;301;exact
/tauromachie/28-regarder-pour-reconnaître-un-taureau-de-combat.html;/livre/regarder-pour-reconnaitre-un-taureau-de-combat;301;exact
/sport/29-atlantique-en-54-jours.html;/livre/latlantique-en-54-jours;301;exact
/art/30-landes-de-terre-et-d-eaux.html;/livre/landes-de-terre-et-deaux;301;exact
/voyage-tourisme/31-bordeaux-à-vélo.html;/livre/bordeaux-a-velo;301;exact
/voyage-tourisme/32-paris-à-vélo.html;/livre/paris-a-velo;301;exact
/voyage-tourisme/33-rome-à-vélo.html;/livre/rome-a-velo;301;exact
/voyage-tourisme/34-berlin-à-vélo.html;/livre/berlin-a-velo;301;exact
/culture-sud-ouest/35-bordeaux-by-bike.html;/livre/bordeaux-by-bike;301;exact
/voyage-tourisme/36-paris-by-bike.html;/livre/paris-by-bike;301;exact
/culture-sud-ouest/37-automne-bleu.html;/livre/automne-bleu;301;exact
/art/38-comme-une-ombre-dans-la-ville.html;/livre/comme-une-ombre-dans-la-ville;301;exact
/art/39-alex-lizal-peintre-singulier-du-pays-landais.html;/livre/alex-lizal-peintre-singulier-du-pays-landais;301;exact
/art/40-flamenco-pulsión.html;/livre/flamenco-pulsion;301;exact
/sport/42-les-acteurs-du-basket-landais.html;/livre/les-acteurs-du-basket-landais;301;exact
/tauromachie/44-les-acteurs-de-la-course-landaise-.html;/livre/les-acteurs-de-la-course-landaise;301;exact
/humour/45-tu-veux-un-drink-.html;/livre/tu-veux-un-drink;301;exact
/humour/46-qu-es-aquò.html;/livre/ques-aquo;301;exact
/humour/47-ho-les-coeurs.html;/livre/ho-les-coeurs;301;exact
/presence-de-l-ecrivain/48-éric-emmanuel-schmitt-la-chair-et-l-invisible.html;/livre/eric-emmanuel-schmitt-la-chair-et-linvisible;301;exact
/sport/49-les-acteurs-du-rugby-landais-deuxième-édition.html;/livre/les-acteurs-du-rugby-landais-deuxieme-edition;301;exact
/romans/50-morandouna-le-pays-d-en-haut.html;/livre/morandouna-le-pays-den-haut;301;exact
/presence-de-l-ecrivain/51-amin-maalouf-heurs-et-malheurs-de-la-filiation.html;/livre/amin-maalouf-heurs-et-malheurs-de-la-filiation;301;exact
/tauromachie/52-dax-en-habit-de-lumières-chroniques-taurines-1990-2015.html;/livre/dax-en-habit-de-lumieres-chroniques-taurines-1990-2015;301;exact
/romans/53-voir-ailleurs-qui-je-suis.html;/livre/voir-ailleurs-qui-je-suis;301;exact
/art/54-les-glycines.html;/livre/les-glycines;301;exact
/art/55-sables.html;/livre/sables;301;exact
/art/56-dax-soixante-dix.html;/livre/dax-soixante-dix;301;exact
/romans/57-juste-la-lumière.html;/livre/juste-la-lumiere;301;exact
/romans/58-les-pieds-dans-le-vide.html;/livre/les-pieds-dans-le-vide;301;exact
/presence-de-l-ecrivain/59-michel-suffran-les-voix-de-la-mémoire.html;/livre/michel-suffran-les-voix-de-la-memoire;301;exact
/tauromachie/60-observer-pour-comprendre-un-taureau-de-combat.html;/livre/observer-pour-comprendre-un-taureau-de-combat;301;exact
/tauromachie/61-tabaco-y-oro.html;/livre/tabaco-y-oro;301;exact
/romans/63-les-équilibristes.html;/livre/les-equilibristes;301;exact
/romans/64-semblant-sortir-du-noir.html;/livre/semblant-sortir-du-noir;301;exact
/art/65-anglet.html;/livre/anglet;301;exact
/sport/66-parents-de-rugbyman-heureux.html;/livre/parents-de-rugbyman-heureux;301;exact
/romans/67-moi-et-les-miens.html;/livre/moi-et-les-miens;301;exact
/grands-caractères/68-chasses-furtives-grands-caractères.html;/livre/chasses-furtives-grands-caracteres;301;exact
/grands-caractères/69-l-effacement-grands-caractères.html;/livre/leffacement-grands-caracteres;301;exact
/grands-caractères/70-la-carapace-de-la-tortue-grands-caractères.html;/livre/la-carapace-de-la-tortue-grands-caracteres;301;exact
/grands-caractères/71-la-vie-plus-un-chat-grands-caractères.html;/livre/la-vie-plus-un-chat-grands-caracteres;301;exact
/grands-caractères/72-l-enfant-roman-grands-caractères.html;/livre/lenfant-roman-grands-caracteres;301;exact
/sport/73-parents-de-rugbyman-heureux-les-cadets.html;/livre/parents-de-rugbyman-heureux-les-cadets;301;exact
/tauromachie/74-la-course-landaise-a-une-histoire.html;/livre/la-course-landaise-a-une-histoire;301;exact
/culture-sud-ouest/75-marcus-et-péritas.html;/livre/marcus-et-peritas;301;exact
/livre-audio/77--livre-audio-la-carapace-de-la-tortue.html;/livre/la-carapace-de-la-tortue;301;exact
/presence-de-l-ecrivain/78-sylvie-germain-l-art-d-être-au-monde.html;/livre/sylvie-germain-lart-detre-au-monde;301;exact
/romans/79-la-jeune-fille-et-le-fleuve.html;/livre/la-jeune-fille-et-le-fleuve;301;exact
/romans/80-garder-le-lien.html;/livre/garder-le-lien;301;exact
/grands-caractères/82-morandouna-le-pays-d-en-haut-grands-caractères.html;/livre/morandouna-le-pays-den-haut-grands-caracteres;301;exact
/grands-caractères/83-inventer-le-jour-grands-caractères.html;/livre/inventer-le-jour-grands-caracteres;301;exact
/art/84-gens-des-arbres.html;/livre/gens-des-arbres;301;exact
/grands-caractères/86-juste-la-lumière-grands-caractères.html;/livre/juste-la-lumiere-grands-caracteres;301;exact
/romans/87-efcharisto.html;/livre/efcharisto;301;exact
/romans/88-histoires-à-lire-au-crépuscule.html;/livre/histoires-a-lire-au-crepuscule;301;exact
/sport/89-gueules-d-ovalie-nations-de-rugby.html;/livre/gueules-dovalie-nations-de-rugby;301;exact
/grands-caractères/90-les-pieds-dans-le-vide-grands-caractères.html;/livre/les-pieds-dans-le-vide-grands-caracteres;301;exact
/grands-caractères/91-semblant-sortir-du-noir-grands-caractères.html;/livre/semblant-sortir-du-noir-grands-caracteres;301;exact
/culture-sud-ouest/92-la-folle-histoire-de-félix-arnaudin.html;/livre/la-folle-histoire-de-felix-arnaudin;301;exact
/romans/93-la-fuite-d-italie.html;/livre/la-fuite-ditalie;301;exact
/grands-caractères/94-la-jeune-fille-et-le-fleuve-grands-caractères.html;/livre/la-jeune-fille-et-le-fleuve-grands-caracteres;301;exact
/art/95-landes-de-lumières.html;/livre/landes-de-lumieres;301;exact
/art/96-syriens-en-regards.html;/livre/syriens-en-regards;301;exact
/presence-de-l-ecrivain/97-françois-cheng-écriture-et-quête-de-sens.html;/livre/francois-cheng-ecriture-et-quete-de-sens;301;exact
/romans/98-les-hélianthes.html;/livre/les-helianthes;301;exact
/grands-caractères/99-efcharisto-grands-caractères.html;/livre/efcharisto-grands-caracteres;301;exact
/grands-caractères/100-la-fuite-d-italie-grands-caractères.html;/livre/la-fuite-ditalie-grands-caracteres;301;exact
/sport/101-rugby-au-coeur-les-braqueboys.html;/livre/rugby-au-coeur-les-braqueboys;301;exact
/sport/102-comprendre-le-rugby.html;/livre/comprendre-le-rugby;301;exact
/litterature/103-tete-a-tete-avec-la-dame-de-brassempouy.html;/livre/tete-a-tete-avec-la-dame-de-brassempouy;301;exact
/romans/104-les-petits-pas-d-abeille.html;/livre/les-petits-pas-dabeille;301;exact
/tauromachie/105-mathieu-nogues-vaincre-ou-mourir.html;/livre/mathieu-nogues-vaincre-ou-mourir;301;exact
/litterature/106-concours-de-nouvelles-2019.html;/livre/concours-de-nouvelles-2019;301;exact
/art/107-felix-arnaudin-100-ans-apres.html;/livre/felix-arnaudin-100-ans-apres;301;exact
/romans/108-beaux-habitants-de-l-univers.html;/livre/beaux-habitants-de-lunivers;301;exact
/litterature/109-rencontre-avec-chantal-detcherry.html;/livre/rencontre-avec-chantal-detcherry;301;exact
/grands-caractères/110-les-helianthes-grands-caracteres.html;/livre/les-helianthes-grands-caracteres;301;exact
/romans/111-on-reve-on-vit-on-aime.html;/livre/on-reve-on-vit-on-aime;301;exact
/romans/112-le-bruissement-du-monde.html;/livre/le-bruissement-du-monde;301;exact
/litterature/113-concours-de-nouvelles-2020.html;/livre/concours-de-nouvelles-2020;301;exact
/art/114-le-coup-de-crayon-de-2020.html;/livre/le-coup-de-crayon-de-2020;301;exact
/romans/115-toi-qui-que-tu-sois.html;/livre/toi-qui-que-tu-sois;301;exact
/romans/116-en-amont.html;/livre/en-amont;301;exact
/litterature/117-lettres-a-bernard-manciet.html;/livre/lettres-a-bernard-manciet;301;exact
/presence-de-l-ecrivain/118-alain-vircondelet-exil-memoire-et-quete.html;/livre/alain-vircondelet-exil-memoire-et-quete;301;exact
/tauromachie/119-les-élevages-de-taureaux-braves-genèse-et-évolution.html;/livre/les-elevages-de-taureaux-braves-genese-et-evolution;301;exact
/romans/121-rien-ne-vaut-ce-jour.html;/livre/rien-ne-vaut-ce-jour;301;exact
/culture-sud-ouest/122-le-monge-autrefois.html;/livre/le-monge-autrefois;301;exact
/art/123-plumes.html;/livre/plumes;301;exact
/art/124-entre-lande-et-ciel.html;/livre/entre-lande-et-ciel;301;exact
/grands-caractères/125-histoires-à-lire-au-crépuscule-grands-caractères.html;/livre/histoires-a-lire-au-crepuscule-grands-caracteres;301;exact
/litterature/126-concours-de-nouvelles-2021.html;/livre/concours-de-nouvelles-2021;301;exact
/sport/128-villes-d-ovalie-hommages-chambrages.html;/livre/villes-dovalie-hommages-chambrages;301;exact
/litterature/129-le-retour-de-la-suite.html;/livre/le-retour-de-la-suite;301;exact
/grands-caractères/130-toi-qui-que-tu-sois-grands-caractères.html;/livre/toi-qui-que-tu-sois-grands-caracteres;301;exact
/tauromachie/131-ironda-reine-des-arenes.html;/livre/ironda-reine-des-arenes;301;exact
/presence-de-l-ecrivain/132-tahar-ben-jelloun-histoire-racines-mythes.html;/livre/tahar-ben-jelloun-histoire-racines-mythes;301;exact
/romans/133-approcher-les-etoiles.html;/livre/approcher-les-etoiles;301;exact
/tauromachie/134-ironda-a-colorier.html;/livre/ironda-a-colorier;301;exact
/litterature/135-jean-cassaigne-au-service-des-oublies.html;/livre/jean-cassaigne-au-service-des-oublies;301;exact
/romans/136-géographie-d-un-père.html;/livre/geographie-dun-pere;301;exact
/accueil/137-riches-heures.html;/livre/riches-heures;301;exact
/sport/138-mémoires-du-rugby-à-l-ancienne.html;/livre/memoires-du-rugby-a-lancienne;301;exact
/accueil/139-saisons-de-sable.html;/livre/saisons-de-sable;301;exact
/accueil/140-voyage-dans-le-bleu.html;/livre/voyage-dans-le-bleu-rever-dans-les-iles-grecques;301;exact
/accueil/141-une-racine-entre-deux-pierres.html;/livre/une-racine-entre-deux-pierres-le-nepal;301;exact
/grands-caractères/142-si-je-cessais-de-vous-écrire-grands-caractères.html;/livre/si-je-cessais-de-vous-ecrire-grands-caracteres;301;exact
/tauromachie/143-daniel-luque-au-delà-des-éléments.html;/livre/daniel-luque-au-dela-des-elements;301;exact
/litterature/144-concours-de-nouvelles-2022.html;/livre/concours-de-nouvelles-2022;301;exact
/romans/145-les-jours-de-sable.html;/livre/les-jours-de-sable;301;exact
/romans/146-le-beret-du-maitre.html;/livre/le-beret-du-maitre;301;exact
/tauromachie/147-loic-lapoudge-gagner-la-foule.html;/livre/loic-lapoudge-gagner-la-foule;301;exact
/presence-de-l-ecrivain/148-marie-hélène-lafon-de-la-source-vive-à-la-création.html;/livre/marie-helene-lafon-de-la-source-vive-a-la-creation;301;exact
/sport/149-luis-ocaña-le-tour-du-grand-pardon.html;/livre/luis-ocana-le-tour-du-grand-pardon;301;exact
/romans/150-l-enfant-don.html;/livre/lenfant-don;301;exact
/litterature/151-journal-de-maria-lani-modele-de-despiau.html;/livre/journal-de-maria-lani-modele-de-despiau;301;exact
/romans/152-là-bas-la-forêt-m-attend.html;/livre/la-bas-la-foret-mattend;301;exact
/grands-caractères/153-en-amont-grands-caracteres.html;/livre/en-amont-grands-caracteres;301;exact
/romans/155-évanouie.html;/livre/evanouie;301;exact
/sport/156-parents-de-rugbyman-heureux-l-intégrale.html;/livre/parents-de-rugbyman-heureux-lintegrale;301;exact
/sport/157-côté-ouvert-2016-2023-chroniques-d-un-sacre-reporté.html;/livre/cote-ouvert-2016-2023-chroniques-dun-sacre-reporte;301;exact
/romans/158-l-homme-semence.html;/livre/lhomme-semence;301;exact
/litterature/159-concours-de-nouvelles-2023.html;/livre/concours-de-nouvelles-2023;301;exact
/romans/160-les-envolees-front-deuses.html;/livre/les-envolees-front-deuses;301;exact
/romans/161-les-enfants-maigres.html;/livre/les-enfants-maigres;301;exact
/grands-caractères/162-l-homme-semence-gc.html;/livre/lhomme-semence-grands-caracteres;301;exact
/grands-caractères/163-l-enfant-don-gc.html;/livre/lenfant-don-grands-caracteres;301;exact
/romans/164-c-est-une-belle-fin-je-trouve.html;/livre/cest-une-belle-fin-je-trouve;301;exact
/culture-sud-ouest/165-dino-le-chameau-écolo.html;/livre/dino-le-chameau-ecolo;301;exact
/romans/166-les-perpendiculaires.html;/livre/les-perpendiculaires;301;exact
/tauromachie/167-vacances-à-la-ganaderia.html;/livre/vacances-a-la-ganaderia;301;exact
/romans/168-la-femme-ile.html;/livre/la-femme-ile;301;exact
/sport/169-conquérantes.html;/livre/conquerantes;301;exact
/tauromachie/170-las-cinco-menos-cinco.html;/livre/las-cinco-menos-cinco;301;exact
/art/171-courir-la-lande.html;/livre/courir-la-lande;301;exact
/litterature/172-concours-de-nouvelles-2024.html;/livre/concours-de-nouvelles-2024;301;exact
/art/180-images-des-landes-de-gascogne-1932-1933.html;/livre/images-des-landes-de-gascogne-1932-1933;301;exact
/romans/182-le-bleu-des-flammes.html;/livre/le-bleu-des-flammes;301;exact
/romans/183-ainsi-qu-un-lion-devorant.html;/livre/ainsi-quun-lion-devorant;301;exact
/tauromachie/184-la-fete-au-village.html;/livre/la-fete-au-village;301;exact
/romans/185-anya-fille-d-ukraine.html;/livre/anya-fille-dukraine;301;exact
/sport/186-villes-d-ovalie.html;/livre/villes-dovalie;301;exact
/tauromachie/187-michel-agruna-le-grand-témoin.html;/livre/michel-agruna-le-grand-temoin;301;exact
/romans/188-le-saule-mort.html;/livre/le-saule-mort;301;exact
/romans/189-l-amer-du-the.html;/livre/lamer-du-the;301;exact
/romans/190-louisy-du-cachot-a-l-hemicycle.html;/livre/louisy-du-cachot-a-lhemicycle;301;exact
/romans/191-les-canous.html;/livre/les-canous;301;exact
/tauromachie/192-cest-pas-moi-cest-papi.html;/livre/cest-pas-moi-cest-papi;301;exact
/art/193-lette.html;/livre/lette;301;exact
/litterature/194-un-ecrivain-qui-se-livre.html;/livre/un-ecrivain-qui-se-livre-cest-comme-un-canard-qui-se-confie;301;exact
